{
    "name": "制作乐器",
    "icon": "minecraft:crafting_table",
    "category": "mimi:1overview",
    "pages": [
        {
            "type": "patchouli:text",
            "text": "MIMI提供了多种不同的乐器，你可以手持它们演奏($(italic)手持式乐器$())，或将它们作为方块放置($(italic)方块式乐器$())。$(br2)在演奏乐器之前你首先需要制作乐器，此处给出了陶笛(手持式)和马林巴琴(方块式)的合成配方。"
        },
        {
            "type": "patchouli:crafting",
            "title": "Recipes",
            "recipe": "mimi:ocarina",
            "recipe2": "mimi:marimba"
        }
    ],
    "sortnum": 1
}