{
    "name": "演奏乐器",
    "icon": "mimi:ocarina",
    "category": "mimi:1overview",
    "pages": [
        {
            "type": "patchouli:text",
            "text": "在乐器的GUI中你可以管理乐器的MIDI设定(详见下文)或者使用键盘演奏音符，也可使用鼠标直接点击演奏。$(br2)键位布局可以在MIMI的布局与Virtual Piano('VPiano')的布局之间切换，位移按钮可以调整当前显示在屏幕上的音符。"
        },
        {
            "type": "patchouli:text",
            "title": "手持式乐器",
            "text": "首先请选中你快捷栏中的某个手持式乐器，或者将它放到你的副手(盾牌)槽位中。在手持乐器时右键单击即可打开其GUI。$(br2)如果你的两只手中都持有乐器，右键单击会打开你主手中乐器的GUI。设置好键位则可分别打开你主手($(bold)$(k:key.mimi.midi.gui.main)$())中或者你副手($(bold)$(k:key.mimi.midi.gui.off)$())中乐器的GUI。"
        },
        {
            "type": "patchouli:text",
            "title": "方块式乐器",
            "text": "首先将乐器以方块的形式放置于世界中，然后右键单击乐器方块即可坐在它的面前(就像船一样)，再次右键单击即可打开乐器GUI。$(br2)当你手持另一个乐器并坐在乐器前面时，很难分辨右键单击到底会打开哪个乐器的界面。设定好键位($(bold)$(k:key.mimi.midi.gui.seat)$())即可打开你坐在面前的乐器的GUI。$(br2)"
        }
    ],
    "sortnum": 2
}