{
    "name": "演奏MIDI文件",
    "icon": "mimi:transmitter",
    "category": "mimi:1overview",
    "pages": [
        {
            "type": "patchouli:text",
            "text": "MIMI模组最棒的功能之一就是可以轻而易举地演奏你电脑中的MIDI文件。$(br2)MIDI文件类似于电脑可以读取的数字化表格形式的乐谱(经常被用于卡拉OK机)，MIMI模组可以利用MIDI文件让乐器演奏整首歌曲。$(br2)要在MIMI模组中演奏MIDI文件首先需要合成一个传输器。"
        },
        {
            "type": "patchouli:crafting",
            "title": "Recipes",
            "recipe": "mimi:transmitter"
        },
        {
            "type": "patchouli:text",
            "title": "寻找MIDI文件",
            "text": "要使用传输器，首先应准备好供其播放的MIDI文件。$(br2)MIDI文件和你在电脑上听的普通的音乐(例如MP3文件)并不一样，MIMI模组也不支持播放其他格式的音乐文件。普通的音乐文件是乐器演奏的录音，而MIDI文件是音符本身，指挥电脑如何演奏。"
        },
        {
            "type": "patchouli:text",
            "text": "MIDI已经存在很长时间了，因此互联网上能找到很多MIDI音乐。然而要找到新歌的MIDI版本可能并不容易。此处列出了几个收录大量免费MIDI文件的网站链接：$(br2)1. $(l:https://bitmidi.com/)BitMidi.com$()$(br)2. $(l:https://freemidi.org/)FreeMidi.org$()$(br)3. $(l:https://www.midiworld.com/files/)MidiWorld.com$()$(br)4. $(l:https://freemidis.net)FreeMidis.net$()$(br)5. $(l:https://midifind.com/)MidiFind.com$()$(br2)通过谷歌搜索很容易就能找到更多网站！"
        },
        {
            "type": "patchouli:text",
            "title": "使用传输器",
            "text": "手持传输器并右键单击即可开启。$(br2)在传输器的GUI中你能看到并播放MIMI模组的\"midi_files\"文件夹内的所有MIDI文件，服务器提供的文件(多人模式下)也是如此。$(br2)要从你的电脑中导入歌曲，点击左上角的文件夹按钮即可打开MIMI的\"midi_files\"文件夹，然后将MIDI文件放入即可。"
        },
        {
            "type": "patchouli:text",
            "text": "将文件放入文件夹后，点击右上角的刷新按钮，MIMI模组会将歌曲加入传输器的播放列表中。$(br2)左下角的播放列表控制键可以选择并播放歌曲(还可切换循环模式和开关乱序播放)。$(br2)右上角的按钮可以筛选播放列表，既可通过来源(你的电脑或是服务器)筛选，也可通过收藏(选中歌曲并点击爱心按钮即可收藏)筛选。"
        },
        {
            "type": "patchouli:text",
            "title": "连接乐器",
            "text": "最后一步是把你的乐器连接到传输器上。打开乐器的GUI并单击编辑按钮(铅笔图标)即可显示乐器的MIDI设置。$(br2)点击左下角的\"ME\"按钮即可将乐器连接到你的传输器上。$(br2)现在你应该能听到乐曲了！"
        },
        {
            "type": "patchouli:text",
            "text": "乐器开始演奏后你可以关闭乐器的GUI，只要你以主手或者副手持有乐器(手持式乐器)或者继续坐在它前面(方块式乐器)，它就会继续演奏。这意味着你可以同时演奏最多三个乐器！$(br2)传输器需要在你的任意一只手上或者快捷栏里才能持续播放。设定好键位后你可以随时打开传输器的GUI($(bold)$(k:key.mimi.midi.gui.transmitter)$())。"
        },
        {
            "type": "patchouli:text",
            "title": "切换通道",
            "text": "MIDI通道代表了一首曲子中的不同部分(例如人声、主音吉他、鼓)；有些MIDI文件可能会使用全部16个通道，有些可能只会使用一个。第10通道永远保留给鼓使用。$(br2)在传输器的GUI中查看乐曲的通道分配情况有助于你决定每个通道使用何种MIMI乐器演奏效果最好。"
        },
        {
            "type": "patchouli:text",
            "text": "可以尝试在各种乐器上启用或禁用某一通道，为乐器重新混音，制造新听感。$(br2)请记住10通道一定用于鼓类，因此在其他乐器上启用会听上去效果不佳。"
        }
    ],
    "sortnum": 3
}