{
    "name": "手持式乐器",
    "icon": "mimi:violin",
    "category": "mimi:2instruments",
    "pages": [
        {
            "type": "patchouli:text",
            "text": "MIMI中的手持式乐器指那些你可以拿在主手或者副手中演奏的乐器。$(br2)如果是连接到传输器进行演奏，你可以在两只手中同时持有乐器并且同时演奏。"
        },
        {
            "type": "patchouli:text",
            "title": "演奏",
            "text": "首先用你的主手选中快捷栏中的某个乐器，或者将它放置在你的副手槽位中。然后只要在手持乐器时右键单击即可打开它的GUI。$(br2)如果你的两只手中都持有乐器，右键单击会打开你主手中乐器的GUI。设置好键位则可分别打开你主手($(bold)$(k:key.mimi.midi.gui.main)$())中或者你副手($(bold)$(k:key.mimi.midi.gui.off)$())中乐器的GUI。"
        },
        {
            "type": "patchouli:text",
            "title": "生物",
            "text": "你可以送给某些生物手持式乐器，方法是手持乐器右键单击生物。若生物手持的乐器连接到了传输器那么它会演奏连接器播放的音符。$(br2)能使用乐器的生物列表可以修改，默认情况下包括：$(br2)僵尸(及其变体)、骷髅(及其变体)、悦灵。"
        }
    ],
    "sortnum": 1
}