{
    "name": "乐器的GUI",
    "icon": "minecraft:oak_sign",
    "category": "mimi:2instruments",
    "pages": [
        {
            "type": "patchouli:text",
            "text": "右键单击手持式或方块式乐器即可查看乐器的GUI，在此界面中你可以直接演奏此乐器或修改其HDMI设定。"
        },
        {
            "type": "patchouli:text",
            "title": "演奏",
            "text": "你可以按动界面中显示的钢琴键上面的键盘按键来直接演奏乐器，或者你也可以用鼠标点击钢琴键。$(br2)如果你在演奏时按住空格键，音符也会像踩住钢琴的延音踏板那样持续奏响。$(br2)你可以点击右上角的按钮来切换钢琴键盘的布局。"
        },
        {
            "type": "patchouli:text",
            "title": "键位布局",
            "text": "$(li)$(l)MIMI$() - 键盘按键被分配给当前可见的钢琴键，不分大小写。$(br)$(li)$(l)VPiano$() - 基于$(o)virtualPiano.net$()，每个键盘按键均分配给一个特定的钢琴键，意味着你可以奏响当前$(o)不可见$()的的琴键，但是无法奏响太高或太低的音符。这种键位布局下的键盘按键区分大小写。"
        },
        {
            "type": "patchouli:text",
            "title": "位移",
            "text": "界面上当前可见的音符范围可以用“可见音符位移”按钮来移动。你也可以用键盘以同样的方式移动音符：$(br)$(li)逐音符移动：左/右方向键$(br)$(li)逐八度移动：上/下方向键$(br2)钢琴键上的彩色条对应界面中位移版块的音符指示器，显示了当前可见的音符有那些。"
        },
        {
            "type": "patchouli:text",
            "title": "MIDI设定",
            "text": "MIMI模组的乐器还可根据MIDI文件演奏(将其连接到传输器上)或利用连到电脑上的MIDI输入设备演奏。$(br2)点击编辑(铅笔)按钮可以显示用于修改乐器MIDI设定的菜单。菜单打开后再次点击编辑按钮将会关闭菜单。"
        },
        {
            "type": "patchouli:text",
            "text": "$(li)$(l)System MIDI Device$() - (系统MIDI设备)该乐器是否要演奏你电脑所连接的MIDI输入设备产生的音符。$(br)$(li)$(l)Volume$() - (音量)该乐器发出的音符应当有多大的响度。$(br)$(li)$(l)Transmission Source$() - (传输源)该乐器要连接到哪个传输器或传输中继器(要演奏哪里的音符)。使用\"ME\"和\"X\" 按钮可以将其连接到你身上或解除连接。"
        },
        {
            "type": "patchouli:text",
            "text": "$(li)$(l)Enabled MIDI Channels$() - (启用的MIDI通道)若该乐器连接到传输器或MIDI输入设备上，那么它应该演奏哪些通道的音符。$(br2)MIDI通道代表了乐曲的不同部分(例如钢琴、吉他、鼓)。MIDI文件可以有最多16个通道，但也可能只有一个。通道10一直保留给鼓使用，用于其他乐器则可能效果不佳。MIDI输入设备通常使用通道1或通道2。"
        }
    ],
    "sortnum": 3
}