{
    "name": "乐器调音",
    "icon": "mimi:tuningtable",
    "category": "mimi:2instruments",
    "extra_recipe_mappings": {
        "mimi:accordion2": 3,
        "mimi:acguitar2": 4,
        "mimi:acguitar3": 4,
        "mimi:bassguitar2": 5,
        "mimi:bassguitar3": 5,
        "mimi:drums2": 6,
        "mimi:drums3": 6,
        "mimi:drums4": 6,
        "mimi:drums5": 6,
        "mimi:edrums2": 7,
        "mimi:elecguitar2": 8,
        "mimi:elecguitar3": 8,
        "mimi:elecguitar4": 8,
        "mimi:elecguitar5": 8,
        "mimi:keyboard2": 9,
        "mimi:keyboard3": 9,
        "mimi:keyboard4": 9,
        "mimi:keyboard5": 9,
        "mimi:microphone2": 10,
        "mimi:microphone3": 10,
        "mimi:microphone4": 10,
        "mimi:microphone5": 10,
        "mimi:microphone6": 10,
        "mimi:organ2": 11,
        "mimi:organ3": 11,
        "mimi:organ4": 11,
        "mimi:organ5": 11,
        "mimi:piano2": 12,
        "mimi:piano3": 12,
        "mimi:piano4": 12,
        "mimi:prophet2": 13,
        "mimi:prophet3": 13,
        "mimi:prophet4": 13,
        "mimi:prophet5": 13,
        "mimi:prophet6": 13,
        "mimi:prophet7": 14,
        "mimi:prophet8": 14,
        "mimi:prophet9": 14,
        "mimi:saxophone2": 15,
        "mimi:saxophone3": 15,
        "mimi:saxophone4": 15,
        "mimi:synlead2": 16,
        "mimi:synlead3": 16,
        "mimi:synlead4": 16,
        "mimi:trumpet2": 17,
        "mimi:violin2": 18
    },
    "pages": [
        {
            "type": "patchouli:text",
            "text": "很多乐器都可以进行$(o)调音$()，以使其音色相较初始音色发生轻微(某些情况下是显著)变化。$(br2)要对可调音的乐器进行调音，首先你需要制作一个调音桌："
        },
        {
            "type": "patchouli:crafting",
            "title": "合成配方",
            "recipe": "mimi:tuningtable"
        },
        {
            "type": "patchouli:text",
            "title": "使用调音桌",
            "text": "要使用调音桌，首先将可调音的乐器放入左侧槽位，然后将相应的调音材料放入右侧槽位。调音完成的乐器可以从输出槽位取出(其MIDI设定和染上的颜色将会保留)$(br2)下一页有可调音乐器与他们支持的调音材料列表，如果安装了JEI的话也可以在其中查看。"
        },
        {
            "type": "patchouli:spotlight",
            "item": "mimi:accordion",
            "title": "手风琴",
            "text": "$(l)标准$() - 木棍$(br2)$(l)班多扭手风琴$() - 可可豆"
        },
        {
            "type": "patchouli:spotlight",
            "item": "mimi:acguitar",
            "title": "原声吉他",
            "text": "$(l)尼龙弦$() - 木棍$(br2)$(l)钢弦$() - 锁链$(br2)$(l)低音$() - 拴绳"
        },
        {
            "type": "patchouli:spotlight",
            "item": "mimi:bassguitar",
            "title": "贝司",
            "text": "$(l)指弹$() - 木棍$(br2)$(l)扫弦$() - 皮革$(br2)$(l)拨片$() - 燧石"
        },
        {
            "type": "patchouli:spotlight",
            "item": "mimi:drums",
            "title": "架子鼓",
            "text": "$(l)标准$() - 木棍$(br2)$(l)均衡$() - 木板$(br2)$(l)能量$() - 圆石$(br2)$(l)爵士$() - 金粒$(br2)$(l)刷子$() - 羽毛"
        },
        {
            "type": "patchouli:spotlight",
            "item": "mimi:edrums",
            "title": "电子鼓",
            "text": "$(l)标准$() - 木棍$(br2)$(l)TR-808$() - 下界石英"
        },
        {
            "type": "patchouli:spotlight",
            "item": "mimi:elecguitar",
            "title": "电吉他",
            "text": "$(l)能量$() - 木棍$(br2)$(l)爵士$() - 金粒$(br2)$(l)夏威夷$() - 海带$(br2)$(l)原声$() - 雪球$(br2)$(l)激励音$() - 烈焰粉"
        },
        {
            "type": "patchouli:spotlight",
            "item": "mimi:keyboard",
            "title": "电子琴",
            "text": "$(l)柔和$() - 木棍$(br2)$(l)合唱$() - 紫颂果$(br2)$(l)Clavinet$() - 铁粒$(br2)$(l)风琴$() - 恶魂之泪$(br2)$(l)电钢琴$() - 线"
        },
        {
            "type": "patchouli:spotlight",
            "item": "mimi:microphone",
            "title": "麦克风",
            "text": "$(l)Doo$() - 木棍$(br2)$(l)Ahh$() - 蜜脾$(br2)$(l)Ooh$() - 幻翼膜$(br2)$(l)合成人声$() - 红石粉$(br2)$(l)空旷$() - 末影珍珠$(br2)$(l)合唱$() - 紫颂果"
        },
        {
            "type": "patchouli:spotlight",
            "item": "mimi:organ",
            "title": "风琴",
            "text": "$(l)教堂$() - 木棍$(br2)$(l)爵士风琴$() - 铁栏杆$(br2)$(l)打击式风琴$() - 骨头$(br2)$(l)摇滚$() - 花岗岩$(br2)$(l)簧风琴$() - 甘蔗"
        },
        {
            "type": "patchouli:spotlight",
            "item": "mimi:piano",
            "title": "钢琴",
            "text": "$(l)三角钢琴$() - 木棍$(br2)$(l)明亮$() - 萤石粉$(br2)$(l)电钢琴$() - 红石粉$(br2)$(l)酒吧钢琴$() - 海泡菜"
        },
        {
            "type": "patchouli:spotlight",
            "item": "mimi:prophet",
            "title": "Prophet-5 (1/2)",
            "text": "$(l)Poly$() - 木棍$(br2)$(l)铜管乐器$() - 金粒$(br2)$(l)铜管乐器-M$() - 铜锭$(br2)$(l)Chiffer$() - 玻璃瓶$(br2)$(l)弦乐器$() - 线$(br2)$(l)Sweep$() - 墨囊"
        },
        {
            "type": "patchouli:spotlight",
            "item": "mimi:prophet",
            "title": "Prophet-5 (2/2)",
            "text": "$(l)合唱$() - 紫颂果$(br2)$(l)Mallet$() - 红砖$(br2)$(l)Dr. Solo$() - 毒马铃薯"
        },
        {
            "type": "patchouli:spotlight",
            "item": "mimi:saxophone",
            "title": "萨克斯",
            "text": "$(l)中音$() - 木棍$(br2)$(l)高音$() - 羽毛$(br2)$(l)次中音$() - 黏液球$(br2)$(l)上低音$() - 岩浆膏"
        },
        {
            "type": "patchouli:spotlight",
            "item": "mimi:synlead",
            "title": "合成波",
            "text": "$(l)方波$() - 木棍$(br2)$(l)锯齿波$() - 燧石$(br2)$(l)正弦波$() - 鳞甲(海龟壳)$(br2)$(l)平行五度$() - 海晶碎片"
        },
        {
            "type": "patchouli:spotlight",
            "item": "mimi:trumpet",
            "title": "小号",
            "text": "$(l)标准$() - 木棍$(br2)$(l)弱音$() - 粘土球"
        },
        {
            "type": "patchouli:spotlight",
            "item": "mimi:violin",
            "title": "小提琴",
            "text": "$(l)标准$() - 木棍$(br2)$(l)三重奏$() - 竹子"
        }
    ],
    "sortnum": 5
}