{
    "name": "为乐器染色",
    "icon": "minecraft:red_dye",
    "category": "mimi:2instruments",
    "pages": [
        {
            "type": "patchouli:text",
            "text": "MIMI模组的一些乐器可以在合成方格中与染料结合以染色，就像皮革护甲一样。$(br2)要洗掉染料的话，只需要手持乐器右键单击装水的炼药锅。"
        },
        {
            "type": "patchouli:text",
            "title": "可染色",
            "text": "下列乐器可被染色：$(br2)$(l)手持式：$() 手风琴, 原声吉他, 风笛, 贝司, 电吉他, 口琴, 拇指琴, 陶笛, 八音盒, 竖笛$(br2)$(l)方块式：$() 钢片琴, 架子鼓, 电子鼓, 羽管键琴, 电子琴, 风琴, 钢琴, 钢鼓$(br2)"
        }
    ],
    "sortnum": 6
}