{
    "name": "特殊乐器",
    "icon": "mimi:witchpipe",
    "category": "mimi:2instruments",
    "pages": [
        {
            "type": "patchouli:text",
            "text": "不是所有的MIMI模组乐器都可以被制作出来。有一些必须以其他方式从世界中获取......"
        },
        {
            "type": "spotlight",
            "item": "mimi:bonelute",
            "link_recipe": true,
            "text": "鲁特琴由仔细雕琢的骨头制成，它能发出渐弱的颤音，并且有着令人难忘的叮当声。只有技艺高超的骷髅匠人才能制造鲁特琴，因此获取鲁特琴的唯一方式为击杀骷髅时的概率掉落。"
        },
        {
            "type": "spotlight",
            "item": "mimi:witchpipe",
            "link_recipe": true,
            "text": "巫师管是一根被注入了黑魔法的管乐器，当它被奏响时会发出怪异的嗡嗡声。只有少数女巫知道制作巫师管所需的咒语，因此获取巫师管的唯一方式为击杀女巫时的概率掉落。"
        }
    ],
    "sortnum": 8
}