{
    "name": "传输器的界面",
    "icon": "minecraft:oak_sign",
    "category": "mimi:3transmitter",
    "pages": [
        {
            "type": "patchouli:text",
            "text": "手持传输器右键单击或右键单击服务器传输机方块即可打开传输器的界面，在界面中你可以通过播放列表来控制传输器中MIDI文件的播放。"
        },
        {
            "type": "patchouli:text",
            "title": "添加乐曲",
            "text": "使用传输器(或者在单人模式/主持局域网联机时使用服务器传输机)时，点击左上角的文件夹按钮将会打开用来放置待上传MIDI文件的文件夹。$(br2)当你添加或移除了文件后，请点击右上角的刷新按钮以将它们载入播放列表。$(br2)只有后缀为\".mid\"或\".midi\"的MIDI文件才会被识别到。"
        },
        {
            "type": "patchouli:text",
            "title": "筛选乐曲",
            "text": "在使用传输器时，你可以用右上角的按钮来筛选乐曲，可以按照来源(来自你的电脑，服务器，全部)(仅可用于手持式传输器)，也可以按照收藏(收藏，未收藏，全部)。$(br2)要将乐曲标记为收藏，请点击选中歌曲的名称右侧的爱心加号按钮。若歌曲已被收藏，再点击这个按钮即可取消收藏。"
        },
        {
            "type": "patchouli:text",
            "title": "乐曲播放",
            "text": "左下角的播放列表控制键可用于切换选中乐曲并控制其播放。$(br2)播放列表控制键右侧的按钮可以切换循环方式(单曲循环，全部循环，不循环)以及开关乱序播放(乱序或不乱序)。$(br2)右下角的播放进度条展示了你当前选中乐曲播放的进度。"
        }
    ],
    "sortnum": 4
}