{
    "name": "传输中继器",
    "icon": "mimi:relay",
    "category": "mimi:4redstone",
    "pages": [
        {
            "type": "patchouli:spotlight",
            "title": "传输中继器",
            "item": "mimi:relay",
            "text": "传输中继器是一种方块，可以连接到传输器(或其他传输中继器)上然后以更大范围重新广播其收到的音符。$(br2)通过修改传输中继器的设定，音符可以被重映射到不同通道上。"
        },
        {
            "type": "patchouli:crafting",
            "title": "合成配方",
            "recipe": "mimi:relay",
            "text": "将两个传输中继器放入合成方格并相邻放置即可复制设定。左侧机器的设定将会被复制给右侧机器。"
        },
        {
            "type": "patchouli:text",
            "title": "设定",
            "text": "$(li)$(l)通道映射$()：传输中继器应接收哪个(或哪些)通道的音符，以及应当将它们分别以哪个通道广播出去。$(br)$(li)$(l)传输来源$()：该传输中继器所连接的传输器或传输中继器。在传输中继器的GUI中可以设定为你自己，手持传输中继器右键单击玩家/方块即可设定为相应的目标。"
        }
    ],
    "sortnum": 6
}