{
    "name": "键位",
    "icon": "minecraft:stone_button",
    "category": "mimi:6settings",
    "pages": [
        {
            "type": "patchouli:text",
            "text": "MIMI支持一些用于多种用途的键位。键位设置全部都可以在设置菜单的控制 --> 按键绑定页面修改。$(br2)此版块列出了所有键位和他们的当前值。"
        },
        {
            "type": "patchouli:text",
            "title": "停止所有音符",
            "text": "当前键位：$(l)$(k:key.mimi.midi.alloff)$()$(br2)按下此按键将会立刻停止正在奏响的所有音符。此按键的主要用途是在音符卡住很长时间的时候终止它。$(br2)注意此按键并不会阻止新的音符奏响。"
        },
        {
            "type": "patchouli:text",
            "title": "设备配置界面",
            "text": "当前键位：$(l)$(k:key.mimi.midi.gui.settings)$()$(br2)按下此按键将会打开MIDI输入设备配置GUI。"
        },
        {
            "type": "patchouli:text",
            "title": "传输器界面",
            "text": "当前键位：$(l)$(k:key.mimi.midi.gui.transmitter)$()$(br2)若你的手中或快捷栏中有传输器，按下此按键将会打开传输器的GUI。"
        },
        {
            "type": "patchouli:text",
            "title": "主手乐器",
            "text": "当前键位：$(l)$(k:key.mimi.midi.gui.main)$()$(br2)如果你的主手中有乐器，按下此按键将会打开乐器的GUI。"
        },
        {
            "type": "patchouli:text",
            "title": "副手乐器",
            "text": "当前键位：$(l)$(k:key.mimi.midi.gui.off)$()$(br2)如果你的副手中有乐器，按下此按键将会打开乐器的GUI。"
        },
        {
            "type": "patchouli:text",
            "title": "坐在前方的乐器",
            "text": "当前键位：$(l)$(k:key.mimi.midi.gui.seat)$()$(br2)如果你正坐在乐器前方，按下此按键将会打开乐器的GUI。"
        }
    ],
    "sortnum": 2
}