{
    "name": "客户端配置文件",
    "icon": "minecraft:writable_book",
    "category": "mimi:6settings",
    "pages": [
        {
            "type": "text",
            "text": "作为对MIDI输入设备的游戏内设置以及键位设置的补充，MIMI还有一个包含了数个额外设置项的配置文件。$(br2)和其他模组一样，MIMI的配置文件可以在Minecraft游戏实例的$(#0046ff)config$()文件夹中找到，并且可以用任何文本编辑器或IDE修改。"
        },
        {
            "type": "text",
            "title": "键盘布局",
            "text": "$(l)参数名：$() instrumentKeyboardLayout$(br)$(l)类型：$() 布局名称$(br)$(l)默认值：$() MIMI$(br2)此参数代表了乐器GUI中使用的键盘布局。此参数可以通过游戏内乐器的GUI进行设置，也可以直接在配置文件中进行设置。$(br2)有效值：MIMI, VPiano"
        },
        {
            "type": "text",
            "title": "本地缓存毫秒数",
            "text": "$(l)参数名：$() localBufferMs$(br)$(l)类型：$() 整数$(br)$(l)默认值：$() 10$(br2)此参数代表了在播放前多久要从服务器缓存音符到本地。提高数值可能会在连接的延迟较高时减少断续，但会导致红石效果的节奏错误。$(br2)有效值：0-100."
        },
        {
            "type": "text",
            "title": "默认MIDI输入设备",
            "text": "$(l)参数名：$() defaultMidiInputDevice$(br)$(l)类型：$() 整数$(br)$(l)默认值：$() -1$(br2)此参数代表了用于MIMI的MIDI输入设备编号。如果设定了某个数值，则MIMI会尝试在Minecraft启动时使用对应的设备。此参数可以通过游戏内MIDI输入设备配置GUI进行设置。$(br2)不指定默认设备则将其设定为-1。"
        },
        {
            "type": "text",
            "title": "合成器抖动修正",
            "text": "$(l)参数名:$() synthJitterCorrection$(br)$(l)类型:$() 布尔值$(br)$(l)默认值:$() true$(br2)此参数代表了MIMI的MIDI合成器是否要对抖动进行修正。启用抖动修正可以提高音符时长的准确度但会略微增加延迟。$(br2)推荐保持启用，除非遇到了严重延迟。"
        },
        {
            "type": "text",
            "title": "合成器基准延迟",
            "text": "$(l)参数名:$() synthBaselineLatency$(br)$(l)类型:$() 整数$(br)$(l)默认值:$() 250ms$(br2)此参数代表了MIMI的MIDI合成器基准延迟时间值(单位：毫秒)。调小数值可以减少奏响音符与听到音符之间的延迟时间，但这样做也会缩小音频缓存，导致声音出现断续甚至在一些情况下完全无声。"
        },
        {
            "type": "text",
            "title": "合成器比特率",
            "text": "$(l)参数名:$() synthBitRate$(br)$(l)类型:$() 整数$(br)$(l)默认值:$() 16$(br2)此参数代表了MIMI的MIDI合成器使用的比特率(本质上代表每秒音频生成多少数据)。调小数值可能会减轻音频的断续和延迟，但是会降低音频质量。"
        },
        {
            "type": "text",
            "title": "合成器采样率",
            "text": "$(l)参数名:$() synthSampleRate$(br)$(l)类型:$() 整数$(br)$(l)默认值:$() 44100$(br2)此参数代表了MIMI的MIDI合成器使用的采样率(本质上代表每秒钟采集多少音频样本)。调小数值可能会减轻音频的断续和延迟，但是会降低音频质量。"
        },
        {
            "type": "text",
            "title": "合成器音色库",
            "text": "$(l)参数名:$() soundfontPath$(br)$(l)类型:$() 文件路径$(br)$(l)默认值:$() 未设定$(br2)此参数代表MIMI的MIDI合成器使用的，指向你电脑中$(l:11_6soundfont)音色库$(/l)文件的绝对路径。如果设定了音色库路径，它会被加载和应用于它包含的所有$(l:11_2programs)GM MIDI音色编号$(/l)，同时内置的音色库将会作为后备使用。"
        }
    ],
    "sortnum": 3
}