{
    "name": "设备",
    "icon": "mimi:deviceconfig",
    "category": "mimi:7midi",
    "pages": [
        {
            "type": "patchouli:text",
            "text": "MIDI设备的种类很多，它们有着不同的行为特征。有些设备符合多种MIDI设备类别，而另一些只符合一种。"
        },
        {
            "type": "patchouli:text",
            "title": "控制器",
            "text": "这些设备基于用户的输入产生数据(例如数码钢琴)并发送到其他MIDI设备。$(br2)控制器一般来说与乐器含义相同，但有些控制器是对收到的数据进行加工修改，而不是生成全新的数据。"
        },
        {
            "type": "patchouli:text",
            "title": "合成器",
            "text": "这些设备接收MIDI数据，然后以此产生声音。一般而言有两种合成器：$(br2)$(l)硬件合成器$() - 指专门制造，根据MIDI数据生成声音的设备。$(br2)$(l)软件合成器$() - 指根据MIDI数据生成声音的软件(例如Windows Media Player或者此模组)。"
        },
        {
            "type": "patchouli:text",
            "title": "音序器",
            "text": "这些设备被用于创建、修改、保存和播放MIDI音符序列(例如.mid文件)。$(br2)大部分MIDI音序器是用来组合出音乐的软件，不过也有硬件音序器，一般用于在现场表演时录制和回放简短的序列。"
        },
        {
            "type": "patchouli:text",
            "title": "网络设备",
            "text": "这些设备用于将其他种类的MIDI设备连接到一起。$(br2)一般来说它们会接收一或多条MIDI数据流，然后将它们进行分离或合成，最后将它们发送给一个或多个下游的MIDI设备。"
        }
    ],
    "sortnum": 1
}