{
    "name": "音色",
    "icon": "mimi:microphone",
    "category": "mimi:7midi",
    "pages": [    
        {
            "type": "patchouli:text",
            "text": "在听音乐时你能听到许多种不同乐器产生的多种多样的声音。在MIDI中这些声音被称为音色，并且是MIDI数据中的重要组成部分。"
        },
        {
            "type": "patchouli:text",
            "title": "控制器",
            "text": "很多MIDI控制器只能处理一种音色。例如数码钢琴就只能发出钢琴的声音。$(br2)还有一些MIDI控制器可以产生多种音色的数据，例如数字波形合成器。"
        },
        {
            "type": "patchouli:text",
            "title": "合成器",
            "text": "与MIDI控制器类似，MIDI合成器可以产生一种或多种音色。例如数码钢琴就只能发出钢琴的声音。$(br2)很多合成器可以产生大量的不同音色，这让它们可以使用相同或其他的音色，把以单种音色输入的MIDI数据转化为音频。"
        },
        {
            "type": "patchouli:text",
            "title": "合成器",
            "text": "合成器的这种可以把MIDI数据重新映射为另一种音色的能力是MIDI的强项之一。$(br2)这使得你可以用任何控制器来生成MIDI数据，然后把它们以任何种类音效的形式输出，例如用钢琴来生成吉他音效。$(l:https://youtu.be/SAcYxc1M55s?t=467)一台真空吸尘器吹奏多支竖笛。$(/l)"
        },
        {
            "type": "patchouli:text",
            "title": "通用MIDI标准",
            "text": "为了能使许多不同种类的MIDI设备协同工作，人们在1990年代早期开发了一套MIDI数据的标准，被称为通用MIDI标准1.0(GM / GM1)。$(br2)GM标准的其中一方面是创建了一套128种MIDI音色的集合，每一种音色都对应一个单独的数字，这样MIDI合成器就能知道MIDI数据要尝试使用何种音色。"
        },
        {
            "type": "patchouli:text",
            "title": "通用MIDI标准",
            "text": "GM的128种音色被分配到了几种通用的分类中，从钢琴到管乐器到打击乐器。通用MIDI标准的完整规范可以在$(l:https://en.wikipedia.org/wiki/General_MIDI)此处$(/l)查看。"
        }
    ],
    "sortnum": 2
}