{
    "name": "通道",
    "icon": "minecraft:repeater",
    "category": "mimi:7midi",
    "pages": [
        {
            "type": "patchouli:text",
            "text": "大多数MIDI设备可以发送和接受多条不同轨道——被称为通道——的数据，让它们能够同时演奏不同乐器。$(br2)大多数设备支持最多16条通道，每条通道都可以独立于其他通道管理自己的音色、音符、音量等。"
        },
        {
            "type": "patchouli:text",
            "title": "通道使用",
            "text": "虽然MIDI标准中定义了16个通道，但不是所有设备或者序列器都会用到全部通道。$(br2)一些控制器，比如数码钢琴，可能只会将数据发送到一个通道。相反，一些MIDI音序器则会同时用到全部16个通道来创造复杂音乐。"
        },
        {
            "type": "patchouli:text",
            "title": "通道10",
            "text": "MIDI标准规定通道10仅应当被用于打击乐器。$(br2)打击乐器有大量不同的音效(一般每个音符一种)，而不是不同音调的同一种音效(例如钢琴)。所以应当特殊处理。$(br2)结果就是几乎所有的MIDI音序器器都将通道10用于打击乐器而非其他用途。"
        }
    ],
    "sortnum": 3
}