{
    "name": "信息",
    "icon": "minecraft:paper",
    "category": "mimi:7midi",
    "pages": [
        {
            "type": "patchouli:text",
            "text": "MIDI通信通过离散的信息进行，信息中一般包含单个指令或状态数据。$(br2)有些信息的目标仅为单个通道，有些会应用于所有通道。"
        },
        {
            "type": "patchouli:text",
            "title": "音符开",
            "text": "这种信息应用于单个通道，将会打开指定的音符。$(br2)关于音符的信息包含要打开的音符与应当使用的力度(此音符应该以多大的强度演奏)。$(br2)当合成器从信息中收到音符时，一般它会让音符持续开启，直到收到对应的音符关闭信息。"
        },
        {
            "type": "patchouli:text",
            "title": "音符关",
            "text": "这种信息应用于单个通道，将会关闭指定的音符。"
        },
        {
            "type": "patchouli:text",
            "title": "音色切换",
            "text": "这种信息应用于单个通道，通知合成器接下来的音符数据应当使用指定的音色演奏。$(br2)不是所有合成器都会处理音色切换信息，例如该模组中的乐器。因为他们仅支持一种音色。"
        },
        {
            "type": "patchouli:text",
            "title": "所有声音关闭",
            "text": "这种信息应用于所有通道，命令合成器立刻停止正在发出的所有音效。$(br2)有一种相似的信息：所有音符关闭，是应用于单个通道的。"
        }
    ],
    "sortnum": 4
}