{
    "name": "音序",
    "icon": "minecraft:music_disc_mellohi",
    "category": "mimi:7midi",
    "pages": [
        {
            "type": "patchouli:text",
            "text": "MIDI音序器可以通过创建、编辑、保存与播放临时存储的MIDI信息序列以生成一首乐曲。$(br2)通常来说MIDI音序会被保存到.mid扩展名的文件中。很多歌曲都被转化成了MIDI格式，可以在谷歌上搜索\"<歌曲名> MIDI\"来找到。"
        },
        {
            "type": "patchouli:text",
            "title": "使用",
            "text": "现在MIDI文件不像之前那么流行了，但时至今日它们仍然被应用于多种场合。$(br2)MIDI文件通常被用于卡拉OK、一些游戏配乐、音乐教程以及用数字乐器预录制的歌曲等处。"
        },
        {
            "type": "patchouli:text",
            "title": "格式",
            "text": "MIDI音序以时间线的形式存储$(l:midi_messages)MIDI信息$(/l)，而且一般而言可以存储全部16个$(l:midi_channels)MIDI通道$(/l)的信息。这让一个MIDI文件就可以容纳整首乐曲的所有内容。$(br2)被使用的每个通道都指定了一种$(l:midi_programs)MIDI音色$(/l)，将它映射给一种乐器。也可以把多个通道指定为同一种音色。"
        },
        {
            "type": "patchouli:text",
            "title": "格式",
            "text": "正如在$(l:midi_channels)MIDI通道$(/l)章节中提到的，通道10被保留给了打击乐器。结论是用MIDI输入源演奏MIMI的乐器时最好禁用通道10，除非你演奏的是架子鼓。$(br2)当在乐器上播放MIDI数据时，最好每个乐器同时只演奏少量的通道。"
        }
    ],
    "sortnum": 5
}