{
    "name": "音色库",
    "icon": "minecraft:note_block",
    "category": "mimi:7midi",
    "pages": [
        {
            "type": "patchouli:text",
            "text": "音色库是存储了的实际音效数据的文件，软件合成器使用它来根据MIDI数据发出声音。$(br2)MIMI模组自带一套默认的音色库，即$(l:https://musical-artifacts.com/artifacts/841)GMGSX$() - 一套由Kenneth Rundt创作的免费音色库，如果没有提供其他音色库则将会使用它来演奏MIDI数据。"
        },
        {
            "type": "patchouli:text",
            "title": "Purpose",
            "text": "尽管默认音色库已经包含了全部128种GM MIDI音色，但是这些音效的质量都不是很高，目的更多是为了便利性，而不是音乐制作需要的高质量音效。$(br2)音乐制作者可以通过使用音色库来让MIDI合成器使用他们自己的音效，并且创作出更高质量且更独特的乐曲。"
        },
        {
            "type": "patchouli:text",
            "title": "音色库的种类",
            "text": "音色库有多种用法。有一些可能只包含单种MIDI音色的数据(例如某种特定的吉他或者音效)，而另外一些可能包含很多不同MIDI音色的数据。$(br2)包含全部128种GM MIDI音色的音色库被称为GM音色库。"
        },
        {
            "type": "patchouli:text",
            "title": "寻找音色库",
            "text": "在网上能找到许多音色库，虽然它们通常需要付费使用。创作一套高品质的音色库需要很大的工作量，因此有时候很难找到免费音色库。$(br2)$(l:https://musical-artifacts.com/artifacts?formats=sf2)此处$(/l)有一个优秀的免费音色库(有不同的协议)网站。"
        }
    ],
    "sortnum": 6
}