{
  "type": "minecraft:simple_block",
  "config": {
    "to_place": {
      "type": "minecraft:weighted_state_provider",
      "entries": [
        {
          "data": {
            "Name": "watermagma:water_magma",
            "Properties": {
              "facing": "north",
              "signal_fire": "false"
            }
          },
          "weight": 3
        },
        {
          "data": {
            "Name": "watermagma:water_magma",
            "Properties": {
              "facing": "south",
              "signal_fire": "true"
            }
          },
          "weight": 1
        }
      ]
    }
  }
}