{
    "name": "Craft an Instrument",
    "icon": "minecraft:crafting_table",
    "category": "mimi:1overview",
    "pages": [
        {
            "type": "patchouli:text",
            "text": "MIMI has many different instruments that you can play either by holding them in your hands ($(italic)handheld instruments$() or placing them as blocks $(italic)block instruments$().$(br2)The first step to playing an instrument is to craft one, so here are the recipes for the Ocarina (handheld) and Marimba (block)."
        },
        {
            "type": "patchouli:crafting",
            "title": "Recipes",
            "recipe": "mimi:ocarina",
            "recipe2": "mimi:marimba"
        }
    ],
    "sortnum": 1
}