{
    "name": "What's Next?",
    "icon": "mimi:receiver",
    "category": "mimi:1overview",
    "pages": [
        {
            "type": "patchouli:text",
            "text": "Now you know the basics, but there's more to see! Check out:$(br)$(li)The Receiver - Trigger redstone from specific notes!$(br)$(li)LED Cubes - Colorful redstone lights with unique patterns, perfect for a stage.$(br)$(li)The Mechanical Maestro - Play instruments without a human Player!"
        }
    ],
    "sortnum": 6
}