{
    "name": "Tuning Instruments",
    "icon": "mimi:tuningtable",
    "category": "mimi:2instruments",
    "extra_recipe_mappings": {
        "mimi:accordion2": 3,
        "mimi:acguitar2": 4,
        "mimi:acguitar3": 4,
        "mimi:bassguitar2": 5,
        "mimi:bassguitar3": 5,
        "mimi:drums2": 6,
        "mimi:drums3": 6,
        "mimi:drums4": 6,
        "mimi:drums5": 6,
        "mimi:edrums2": 7,
        "mimi:elecguitar2": 8,
        "mimi:elecguitar3": 8,
        "mimi:elecguitar4": 8,
        "mimi:elecguitar5": 8,
        "mimi:keyboard2": 9,
        "mimi:keyboard3": 9,
        "mimi:keyboard4": 9,
        "mimi:keyboard5": 9,
        "mimi:microphone2": 10,
        "mimi:microphone3": 10,
        "mimi:microphone4": 10,
        "mimi:microphone5": 10,
        "mimi:microphone6": 10,
        "mimi:organ2": 11,
        "mimi:organ3": 11,
        "mimi:organ4": 11,
        "mimi:organ5": 11,
        "mimi:piano2": 12,
        "mimi:piano3": 12,
        "mimi:piano4": 12,
        "mimi:prophet2": 13,
        "mimi:prophet3": 13,
        "mimi:prophet4": 13,
        "mimi:prophet5": 13,
        "mimi:prophet6": 13,
        "mimi:prophet7": 14,
        "mimi:prophet8": 14,
        "mimi:prophet9": 14,
        "mimi:saxophone2": 15,
        "mimi:saxophone3": 15,
        "mimi:saxophone4": 15,
        "mimi:synlead2": 16,
        "mimi:synlead3": 16,
        "mimi:synlead4": 16,
        "mimi:trumpet2": 17,
        "mimi:violin2": 18
    },
    "pages": [
        {
            "type": "patchouli:text",
            "text": "Many instruments in can be $(o)tuned$() to have a sound that is slightly (or in some cases significantly) different than their original sound.$(br2)To tune a tunable instrument you'll first need to craft a Tuning Table:"
        },
        {
            "type": "patchouli:crafting",
            "title": "Recipe",
            "recipe": "mimi:tuningtable"
        },
        {
            "type": "patchouli:text",
            "title": "Using the Table",
            "text": "To use the Tuning Table, insert a tunable instrument into the left-hand slot and corresponding tuning modifier into the right-hand slot. The resulting tuned instrument can then be removed from the output slot (it will keep its MIDI Settings and dye color).$(br2)A list of tunable instruments and their supported modifiers can be found on the next page, or in JEI if it is installed."
        },
        {
            "type": "patchouli:spotlight",
            "item": "mimi:accordion",
            "title": "Accordion",
            "text": "$(l)Standard$() - Stick$(br2)$(l)Bandoneon$() - Cocoa Beans"
        },
        {
            "type": "patchouli:spotlight",
            "item": "mimi:acguitar",
            "title": "Acoustic Guitar",
            "text": "$(l)Nylon$() - Stick$(br2)$(l)Steel$() - Chain$(br2)$(l)Bass$() - Lead"
        },
        {
            "type": "patchouli:spotlight",
            "item": "mimi:bassguitar",
            "title": "Bass Guitar",
            "text": "$(l)Finger$() - Stick$(br2)$(l)Slap$() - Leather$(br2)$(l)Pick$() - Flint"
        },
        {
            "type": "patchouli:spotlight",
            "item": "mimi:drums",
            "title": "Drum Kit",
            "text": "$(l)Standard$() - Stick$(br2)$(l)Room$() - Planks$(br2)$(l)Power$() - Cobblestone$(br2)$(l)Jazz$() - Gold Nugget$(br2)$(l)Brushes$() - Feather"
        },
        {
            "type": "patchouli:spotlight",
            "item": "mimi:edrums",
            "title": "E-Drums",
            "text": "$(l)Standard$() - Stick$(br2)$(l)TR-808$() - Quartz"
        },
        {
            "type": "patchouli:spotlight",
            "item": "mimi:elecguitar",
            "title": "Electric Guitar",
            "text": "$(l)Power$() - Stick$(br2)$(l)Jazz$() - Gold Nugget$(br2)$(l)Hawaii$() - Kelp$(br2)$(l)Clean$() - Snowball$(br2)$(l)Driven$() - Blaze Powder"
        },
        {
            "type": "patchouli:spotlight",
            "item": "mimi:keyboard",
            "title": "Keyboard",
            "text": "$(l)Rhodes$() - Stick$(br2)$(l)Chorus$() - Chorus Fruit$(br2)$(l)Clavinet$() - Iron Nugget$(br2)$(l)Organ$() - Ghast Tear$(br2)$(l)E-Piano$() - String"
        },
        {
            "type": "patchouli:spotlight",
            "item": "mimi:microphone",
            "title": "Microphone",
            "text": "$(l)Doo$() - Stick$(br2)$(l)Ahh$() - Honeycomb$(br2)$(l)Ooh$() - Phantom Membrane$(br2)$(l)Synth$() - Redstone$(br2)$(l)Space$() - Ender Pearl$(br2)$(l)Chorus$() - Chorus Fruit"
        },
        {
            "type": "patchouli:spotlight",
            "item": "mimi:organ",
            "title": "Organ",
            "text": "$(l)Church$() - Stick$(br2)$(l)Drawbar$() - Iron Bars$(br2)$(l)Percussive$() - Bone$(br2)$(l)Rock$() - Granite$(br2)$(l)Reed$() - Sugar Cane"
        },
        {
            "type": "patchouli:spotlight",
            "item": "mimi:piano",
            "title": "Piano",
            "text": "$(l)Grand$() - Stick$(br2)$(l)Bright$() - Glowstone Dust$(br2)$(l)Electric$() - Redstone Dust$(br2)$(l)Honky-Tonk$() - Sea Pickle"
        },
        {
            "type": "patchouli:spotlight",
            "item": "mimi:prophet",
            "title": "Prophet-5 (1/2)",
            "text": "$(l)Poly$() - Stick$(br2)$(l)Brass$() - Gold Nugget$(br2)$(l)Brass-M$() - Copper Ingot$(br2)$(l)Chiffer$() - Glass Bottle$(br2)$(l)Strings$() - String$(br2)$(l)Sweep$() - Ink Sac"
        },
        {
            "type": "patchouli:spotlight",
            "item": "mimi:prophet",
            "title": "Prophet-5 (2/2)",
            "text": "$(l)Chorus$() - Chorus Fruit$(br2)$(l)Mallet$() - Brick$(br2)$(l)Dr. Solo$() - Poisonous Potato"
        },
        {
            "type": "patchouli:spotlight",
            "item": "mimi:saxophone",
            "title": "Saxophone",
            "text": "$(l)Alto$() - Stick$(br2)$(l)Soprano$() - Feather$(br2)$(l)Tenor$() - Slime Ball$(br2)$(l)Baritone$() - Magma Cream"
        },
        {
            "type": "patchouli:spotlight",
            "item": "mimi:synlead",
            "title": "Synth Wave",
            "text": "$(l)Square$() - Stick$(br2)$(l)Saw$() - Flint$(br2)$(l)Sine$() - Scute (Turtle Goo)$(br2)$(l)Fifths$() - Prismarine Shard"
        },
        {
            "type": "patchouli:spotlight",
            "item": "mimi:trumpet",
            "title": "Trumpet",
            "text": "$(l)Standard$() - Stick$(br2)$(l)Muted$() - Clay Ball"
        },
        {
            "type": "patchouli:spotlight",
            "item": "mimi:violin",
            "title": "Violin",
            "text": "$(l)Standard$() - Stick$(br2)$(l)Trio$() - Bamboo"
        }
    ],
    "sortnum": 5
}