{
    "name": "Dyeing Instruments",
    "icon": "minecraft:red_dye",
    "category": "mimi:2instruments",
    "pages": [
        {
            "type": "patchouli:text",
            "text": "Some instruments in MIMI can be combined with dyes in a crafting grid to change their color just like leather armor.$(br2)To wash the dye off right-click on a cauldron with water in it while holding the instrument."
        },
        {
            "type": "patchouli:text",
            "title": "Dyeables",
            "text": "The following instruments may be dyed:$(br2)$(l)Handheld:$() Accordion, Acoustic Guitar, Bagpipe, Bass Guitar, Electric Guitar, Harmonica, Kalimba, Ocarina, Music Box, Recorder$(br2)$(l)Block:$() Celesta, Drums, EDrums, Harpsichord, Keyboard Organ, Piano, Steel Drum$(br2)"
        }
    ],
    "sortnum": 6
}