{
    "name": "Special Instruments",
    "icon": "mimi:witchpipe",
    "category": "mimi:2instruments",
    "pages": [
        {
            "type": "patchouli:text",
            "text": "Not all instruments in MIMI can be crafted. Some must be obtained from the world in other ways..."
        },
        {
            "type": "spotlight",
            "item": "mimi:bonelute",
            "link_recipe": true,
            "text": "A lute made of carefully carved bones, it produces a rickety sound that trails off with a chorus of haunting clinks. Only highly skilled skeletal craftsmen can create the Bone Lute and thus the only way to obtain one is by chance when slaying a Skeleton."
        },
        {
            "type": "spotlight",
            "item": "mimi:witchpipe",
            "link_recipe": true,
            "text": "A pipe infused with dark magic, the Witch Pipe creates an eerie and droning sound when played. The spells required to create the pipe are known by only a handful of Witches and thus the only way to obtain one is by chance when slaying a Witch."
        }
    ],
    "sortnum": 8
}