{
    "name": "Instrument Recipes",
    "icon": "minecraft:crafting_table",
    "category": "mimi:2instruments",
    "pages": [
        {
            "type": "patchouli:text",
            "text": "This section lists the crafting recipe for each instrument currently available in MIMI, sorted alphabetically."
        },
        {
            "type": "patchouli:crafting",
            "recipe": "mimi:acguitar"
        },
        {
            "type": "patchouli:crafting",
            "recipe": "mimi:accordion"
        },
        {
            "type": "patchouli:crafting",
            "recipe": "mimi:bagpipe"
        },
        {
            "type": "patchouli:crafting",
            "recipe": "mimi:banjo"
        },
        {
            "type": "patchouli:crafting",
            "recipe": "mimi:bassguitar"
        },
        {
            "type": "patchouli:crafting",
            "recipe": "mimi:bassoon"
        },
        {
            "type": "patchouli:crafting",
            "recipe": "mimi:bottle"
        },
        {
            "type": "patchouli:crafting",
            "recipe": "mimi:cello"
        },
        {
            "type": "patchouli:crafting",
            "recipe": "mimi:celesta"
        },
        {
            "type": "patchouli:crafting",
            "recipe": "mimi:clarinet"
        },
        {
            "type": "patchouli:crafting",
            "recipe": "mimi:contrabass"
        },
        {
            "type": "patchouli:crafting",
            "recipe": "mimi:drums"
        },
        {
            "type": "patchouli:crafting",
            "recipe": "mimi:edrums"
        },
        {
            "type": "patchouli:crafting",
            "recipe": "mimi:elecguitar"
        },
        {
            "type": "patchouli:crafting",
            "recipe": "mimi:flute"
        },
        {
            "type": "patchouli:crafting",
            "recipe": "mimi:frenchhorn"
        },
        {
            "type": "patchouli:crafting",
            "recipe": "mimi:glockenspiel"
        },
        {
            "type": "patchouli:crafting",
            "recipe": "mimi:handbell"
        },
        {
            "type": "patchouli:crafting",
            "recipe": "mimi:harmonica"
        },
        {
            "type": "patchouli:crafting",
            "recipe": "mimi:harp"
        },
        {
            "type": "patchouli:crafting",
            "recipe": "mimi:harpsichord"
        },
        {
            "type": "patchouli:crafting",
            "recipe": "mimi:kalimba"
        },
        {
            "type": "patchouli:crafting",
            "recipe": "mimi:keyboard"
        },
        {
            "type": "patchouli:crafting",
            "recipe": "mimi:marimba"
        },
        {
            "type": "patchouli:crafting",
            "recipe": "mimi:microphone"
        },
        {
            "type": "patchouli:crafting",
            "recipe": "mimi:musicbox"
        },
        {
            "type": "patchouli:crafting",
            "recipe": "mimi:oboe"
        },
        {
            "type": "patchouli:crafting",
            "recipe": "mimi:ocarina"
        },
        {
            "type": "patchouli:crafting",
            "recipe": "mimi:organ"
        },
        {
            "type": "patchouli:crafting",
            "recipe": "mimi:panflute"
        },
        {
            "type": "patchouli:crafting",
            "recipe": "mimi:piano"
        },
        {
            "type": "patchouli:crafting",
            "recipe": "mimi:piccolo"
        },
        {
            "type": "patchouli:crafting",
            "recipe": "mimi:prophet"
        },
        {
            "type": "patchouli:crafting",
            "recipe": "mimi:recorder"
        },
        {
            "type": "patchouli:crafting",
            "recipe": "mimi:saxophone"
        },
        {
            "type": "patchouli:crafting",
            "recipe": "mimi:steeldrum"
        },
        {
            "type": "patchouli:crafting",
            "recipe": "mimi:synlead"
        },
        {
            "type": "patchouli:crafting",
            "recipe": "mimi:timpani"
        },
        {
            "type": "patchouli:crafting",
            "recipe": "mimi:trombone"
        },
        {
            "type": "patchouli:crafting",
            "recipe": "mimi:trumpet"
        },
        {
            "type": "patchouli:crafting",
            "recipe": "mimi:tuba"
        },
        {
            "type": "patchouli:crafting",
            "recipe": "mimi:tubularbells"
        },
        {
            "type": "patchouli:crafting",
            "recipe": "mimi:vibraphone"
        },
        {
            "type": "patchouli:crafting",
            "recipe": "mimi:viola"
        },
        {
            "type": "patchouli:crafting",
            "recipe": "mimi:violin"
        },
        {
            "type": "patchouli:crafting",
            "recipe": "mimi:woodblock"
        },
        {
            "type": "patchouli:crafting",
            "recipe": "mimi:xylophone"
        }
    ],
    "sortnum": 9
}