{
    "name": "Mechanical Maestro",
    "icon": "mimi:mechanicalmaestro",
    "category": "mimi:4redstone",
    "pages": [
        {
            "type": "patchouli:spotlight",
            "title": "Mechanical Maestro",
            "item": "mimi:mechanicalmaestro",
            "text": "The Mechanical Maestro is a block that, when powered by redstone and given instruments, will play the instruments it is given when it receives notes from a nearby Transmitter linked to the instruments."
        },
        {
            "type": "patchouli:crafting",
            "title": "Recipe",
            "recipe": "mimi:mechanicalmaestro"
        }
    ],
    "sortnum": 3
}