{
    "name": "Key Binds",
    "icon": "minecraft:stone_button",
    "category": "mimi:6settings",
    "pages": [
        {
            "type": "patchouli:text",
            "text": "MIMI supports a handful of different key binds for various actions. Key binds can all be changed from the Minecraft Controls --> Key Binds menu.$(br2)This section lists all of the key binds and their current values."
        },
        {
            "type": "patchouli:text",
            "title": "Stop All Notes",
            "text": "Current keybind: $(l)$(k:key.mimi.midi.alloff)$()$(br2)Pressing this key immediately stops all notes that are on. This is primarily meant to be used if a note gets stuck on for a long period of time.$(br2)Note that this bind does not stop new notes from being turned on."
        },
        {
            "type": "patchouli:text",
            "title": "Device Config Screen",
            "text": "Current keybind: $(l)$(k:key.mimi.midi.gui.settings)$()$(br2)Pressing this key opens the MIDI Input Device Screen."
        },
        {
            "type": "patchouli:text",
            "title": "Transmitter Screen",
            "text": "Current keybind: $(l)$(k:key.mimi.midi.gui.transmitter)$()$(br2)Pressing this key opens the Transmitter Screen if you have a Transmitter in your hands or on your hotbar."
        },
        {
            "type": "patchouli:text",
            "title": "Inst. Main Hand",
            "text": "Current keybind: $(l)$(k:key.mimi.midi.gui.main)$()$(br2)Pressing this key opens the Instrument Screen for the instrument in your main hand, if there is one."
        },
        {
            "type": "patchouli:text",
            "title": "Inst. Off Hand",
            "text": "Current keybind: $(l)$(k:key.mimi.midi.gui.off)$()$(br2)Pressing this key opens the Instrument Screen for the instrument in your off hand, if there is one."
        },
        {
            "type": "patchouli:text",
            "title": "Inst. Seated",
            "text": "Current keybind: $(l)$(k:key.mimi.midi.gui.seat)$()$(br2)Pressing this key opens the Instrument Screen for the instrument that you are seated at, if there is one."
        }
    ],
    "sortnum": 2
}