{
    "name": "Soundfonts",
    "icon": "minecraft:note_block",
    "category": "mimi:7midi",
    "pages": [
        {
            "type": "patchouli:text",
            "text": "Soundfonts are files that store the actual sound data used by a software synthesizer to produce sound from MIDI data.$(br2)MIMI contains a default Soundfont, $(l:https://musical-artifacts.com/artifacts/841)GMGSX$() - a free SoundFont by Kenneth Rundt, that it uses when playing MIDI data if no other Soundfont is provided."
        },
        {
            "type": "patchouli:text",
            "title": "Purpose",
            "text": "While the default Soundfont contains sounds for all 128 GM MIDI programs these sounds are not very high quality and are intended to serve more as a convenience than a high-quality sound for music production.$(br2)Using a Soundfont allows music producers to use their own sound data for a MIDI synthesizer and produce much higher quality and unique songs."
        },
        {
            "type": "patchouli:text",
            "title": "Types of Soundfonts",
            "text": "Soundfonts are used in a variety of ways. Some may only contain sound data for a single MIDI program (such as a specific guitar or sound effect), while others may contain data for many different MIDI programs.$(br2)Soundfonts that contain sound data for all 128 GM MIDI programs are referred to as GM Soundfonts."
        },
        {
            "type": "patchouli:text",
            "title": "Finding Soundfonts",
            "text": "Many Soundfonts are available to find online, though often they are not free to use. Creating a high-quality Soundfont requires a lot of work and thus finding free Soundfonts can sometimes be a challenge.$(br2)A good source of free Soundfonts (with varying licenses) is available $(l:https://musical-artifacts.com/artifacts?formats=sf2)here$(/l)."
        }
    ],
    "sortnum": 6
}